{
    "name": "Russia",
    "country_name": "Russia",
    "country_code": "RU",
    "author_name": "Raov",
    "author_url": "https://twitter.com/UB8QBD",
    "bands": [
        {
            "name": "2200m",
            "type": "amateur",
            "start": 135700,
            "end": 137800
        },
        {
            "name": "LW",
            "type": "broadcast",
            "start": 144000,
            "end": 415000
        },
        {
            "name": "MW",
            "type": "broadcast",
            "start": 520000,
            "end": 1602000
        },
        {
            "name": "160m CW",
            "type": "amateur",
            "start": 1810000,
            "end": 1838000
        },
        {
            "name": "160m NB",
            "type": "amateur",
            "start": 1838000,
            "end": 1840000
        },
        {
            "name": "160m",
            "type": "amateur",
            "start": 1840000,
            "end": 2000000
        },
        {
            "name": "SW 90m",
            "type": "broadcast",
            "start": 3200000,
            "end": 3400000
        },
        {
            "name": "80m CW",
            "type": "amateur",
            "start": 3500000,
            "end": 3510000
        },
        {
            "name": "80m CW Contest",
            "type": "amateur",
            "start": 3510000,
            "end": 3560000
        },
        {
            "name": "80m CW",
            "type": "amateur",
            "start": 3560000,
            "end": 3570000
        },
        {
            "name": "80m NB",
            "type": "amateur",
            "start": 3570000,
            "end": 3600000
        },
        {
            "name": "80m SSB Contest",
            "type": "amateur",
            "start": 3600000,
            "end": 3650000
        },
        {
            "name": "80m",
            "type": "amateur",
            "start": 3650000,
            "end": 3700000
        },
        {
            "name": "80m SSB Contest",
            "type": "amateur",
            "start": 3700000,
            "end": 3800000
        },
        {
            "name": "SW 75m",
            "type": "broadcast",
            "start": 3900000,
            "end": 4000000
        },
        {
            "name": "SW 60m",
            "type": "broadcast",
            "start": 4750000,
            "end": 5060000
        },
        {
            "name": "SW 49m",
            "type": "broadcast",
            "start": 5900000,
            "end": 6200000
        },
        {
            "name": "40m CW",
            "type": "amateur",
            "start": 7000000,
            "end": 7040000
        },
        {
            "name": "40m NB, Digi 500Hz",
            "type": "amateur",
            "start": 7040000,
            "end": 7050000
        },
        {
            "name": "40m Digi",
            "type": "amateur",
            "start": 7050000,
            "end": 7053000
        },
        {
            "name": "40m",
            "type": "amateur",
            "start": 7053000,
            "end": 7200000
        },
        {
            "name": "SW 31m",
            "type": "broadcast",
            "start": 9500000,
            "end": 9900000
        },
        {
            "name": "30m CW",
            "type": "amateur",
            "start": 10100000,
            "end": 10130000
        },
        {
            "name": "30m NB",
            "type": "amateur",
            "start": 10130000,
            "end": 10150000
        },
        {
            "name": "SW 25m",
            "type": "broadcast",
            "start": 11650000,
            "end": 12050000
        },
        {
            "name": "SW 22m",
            "type": "broadcast",
            "start": 13600000,
            "end": 13800000
        },
        {
            "name": "20m CW",
            "type": "amateur",
            "start": 14000000,
            "end": 14070000
        },
        {
            "name": "20m NB",
            "type": "amateur",
            "start": 14070000,
            "end": 14099000
        },
        {
            "name": "20m Beacons",
            "type": "amateur",
            "start": 14099000,
            "end": 14101000
        },
        {
            "name": "20m Digi",
            "type": "amateur",
            "start": 14101000,
            "end": 14112000
        },
        {
            "name": "20m",
            "type": "amateur",
            "start": 14112000,
            "end": 14350000
        },
        {
            "name": "SW 19m",
            "type": "broadcast",
            "start": 15100000,
            "end": 15600000
        },
        {
            "name": "SW 16m",
            "type": "broadcast",
            "start": 17550000,
            "end": 17900000
        },
        {
            "name": "17m CW",
            "type": "amateur",
            "start": 18068000,
            "end": 18095000
        },
        {
            "name": "17m NB",
            "type": "amateur",
            "start": 18095000,
            "end": 18109000
        },
        {
            "name": "17m Beacons",
            "type": "amateur",
            "start": 18109000,
            "end": 18111000
        },
        {
            "name": "17m Digi",
            "type": "amateur",
            "start": 18111000,
            "end": 18120000
        },
        {
            "name": "17m",
            "type": "amateur",
            "start": 18120000,
            "end": 18168000
        },
        {
            "name": "15m CW",
            "type": "amateur",
            "start": 21000000,
            "end": 21070000
        },
        {
            "name": "15m NB Digi",
            "type": "amateur",
            "start": 21070000,
            "end": 21110000
        },
        {
            "name": "15m Digital",
            "type": "amateur",
            "start": 21110000,
            "end": 21120000
        },
        {
            "name": "15m NB",
            "type": "amateur",
            "start": 21120000,
            "end": 21149000
        },
        {
            "name": "15m Beacons",
            "type": "amateur",
            "start": 21149000,
            "end": 21151000
        },
        {
            "name": "15m",
            "type": "amateur",
            "start": 21151000,
            "end": 21450000
        },
        {
            "name": "SW 13m",
            "type": "broadcast",
            "start": 21450000,
            "end": 21850000
        },
        {
            "name": "12m CW",
            "type": "amateur",
            "start": 24890000,
            "end": 24915000
        },
        {
            "name": "12m NB",
            "type": "amateur",
            "start": 24915000,
            "end": 24929000
        },
        {
            "name": "12m Beacons",
            "type": "amateur",
            "start": 24929000,
            "end": 24931000
        },
        {
            "name": "12m",
            "type": "amateur",
            "start": 24931000,
            "end": 24990000
        },
        {
            "name": "SW 11m",
            "type": "broadcast",
            "start": 25650000,
            "end": 26100000
        },
        {
            "name": "CB",
            "type": "amateur",
            "start": 26960000,
            "end": 27410000
        },
        {
            "name": "10m CW",
            "type": "amateur",
            "start": 28000000,
            "end": 28070000
        },
        {
            "name": "10m NB Digital",
            "type": "amateur",
            "start": 28070000,
            "end": 28150000
        },
        {
            "name": "10m NB",
            "type": "amateur",
            "start": 28150000,
            "end": 28190000
        },
        {
            "name": "10m Regional Beacons",
            "type": "amateur",
            "start": 28190000,
            "end": 28199000
        },
        {
            "name": "10m International Beacons",
            "type": "amateur",
            "start": 28199000,
            "end": 28201000
        },
        {
            "name": "10m Beacons",
            "type": "amateur",
            "start": 28201000,
            "end": 28225000
        },
        {
            "name": "10m Wide Beacons",
            "type": "amateur",
            "start": 28225000,
            "end": 28300000
        },
        {
            "name": "10m Digi",
            "type": "amateur",
            "start": 28300000,
            "end": 28320000
        },
        {
            "name": "10m",
            "type": "amateur",
            "start": 28320000,
            "end": 29000000
        },
        {
            "name": "10m Wide",
            "type": "amateur",
            "start": 29000000,
            "end": 29100000
        },
        {
            "name": "10m FM Simplex",
            "type": "amateur",
            "start": 29100000,
            "end": 29200000
        },
        {
            "name": "10m Wide Digi",
            "type": "amateur",
            "start": 29200000,
            "end": 29300000
        },
        {
            "name": "10m Sat",
            "type": "amateur",
            "start": 29300000,
            "end": 29510000
        },
        {
            "name": "10m Guard Band",
            "type": "amateur",
            "start": 29510000,
            "end": 29520000
        },
        {
            "name": "10m FM Repeater IN",
            "type": "amateur",
            "start": 29520000,
            "end": 29590000
        },
        {
            "name": "10m FM Call",
            "type": "amateur",
            "start": 29590000,
            "end": 29610000
        },
        {
            "name": "10m FM Simplex Repeater",
            "type": "amateur",
            "start": 29610000,
            "end": 29620000
        },
        {
            "name": "10m FM Repeater OUT",
            "type": "amateur",
            "start": 29620000,
            "end": 29700000
        },
        {
            "name": "Broadcast FM(OIRT)",
            "type": "broadcast",
            "start": 65900000,
            "end": 74000000
        },
        {
            "name": "Broadcast FM(CCIR)",
            "type": "broadcast",
            "start": 87500000,
            "end": 108000000
        },
        {
            "name": "Air Band VOR/ILS",
            "type": "aviation",
            "start": 108000000,
            "end": 118000000
        },
        {
            "name": "Air Band Voice",
            "type": "aviation",
            "start": 118000000,
            "end": 137000000
        },
        {
            "name": "Polar Orbiting Satellites",
            "type": "satellite",
            "start": 137000000,
            "end": 138000000
        },
        {
            "name": "2m CW",
            "type": "amateur",
            "start": 144035000,
            "end": 144110000
        },
        {
            "name": "2m CW+Digi",
            "type": "amateur",
            "start": 144110000,
            "end": 144180000
        },
        {
            "name": "2m CW+SSB",
            "type": "amateur",
            "start": 144180000,
            "end": 144360000
        },
        {
            "name": "2m CW+SSB+Digi",
            "type": "amateur",
            "start": 144360000,
            "end": 144400000
        },
        {
            "name": "2m Beacons (CW+Digi)",
            "type": "amateur",
            "start": 144400000,
            "end": 144490000
        },
        {
            "name": "2m Wide Digi",
            "type": "amateur",
            "start": 144500000,
            "end": 144794000
        },
        {
            "name": "2m Digi",
            "type": "amateur",
            "start": 144794000,
            "end": 144990000
        },
        {
            "name": "2m FM Repeater IN",
            "type": "amateur",
            "start": 144990000,
            "end": 145194000
        },
        {
            "name": "2m FM Sat",
            "type": "amateur",
            "start": 145194000,
            "end": 145206000
        },
        {
            "name": "2m FM",
            "type": "amateur",
            "start": 145206000,
            "end": 145594000
        },
        {
            "name": "2m FM Repeater OUT",
            "type": "amateur",
            "start": 145594000,
            "end": 145793500
        },
        {
            "name": "2m FM Sat",
            "type": "amateur",
            "start": 145793500,
            "end": 145806000
        },
        {
            "name": "2m Sat",
            "type": "amateur",
            "start": 145806000,
            "end": 146000000
        },
        {
            "name": "Train communications",
            "type": "railway",
            "start": 151712500,
            "end": 156012500
        },
        {
            "name": "Marine",
            "type": "marine",
            "start": 156000000,
            "end": 162025000
        },
        {
            "name": "Military Air",
            "type": "military",
            "start": 225000000,
            "end": 240000000
        },
        {
            "name": "Military Sat / Military Air",
            "type": "military",
            "start": 240000000,
            "end": 270000000
        },
        {
            "name": "Military Air",
            "type": "military",
            "start": 270000000,
            "end": 380000000
        },
        {
            "name": "70cm",
            "type": "amateur",
            "start": 430000000,
            "end": 432025000
        },
        {
            "name": "70cm CW+Digi",
            "type": "amateur",
            "start": 432025000,
            "end": 432100000
        },
        {
            "name": "70cm CW+SSB+Digi",
            "type": "amateur",
            "start": 432100000,
            "end": 432400000
        },
        {
            "name": "70cm Beacons",
            "type": "amateur",
            "start": 432400000,
            "end": 432500000
        },
        {
            "name": "70cm",
            "type": "amateur",
            "start": 432500000,
            "end": 433000000
        },
        {
            "name": "70cm FM Repeaters in",
            "type": "amateur",
            "start": 433000000,
            "end": 433075000
        },
        {
            "name": "LPD / 70cm FM Repeaters in",
            "type": "amateur",
            "start": 433075000,
            "end": 433600000
        },
        {
            "name": "LPD / 70cm",
            "type": "amateur",
            "start": 433600000,
            "end": 434000000
        },
        {
            "name": "LPD / 70cm CW+Digi",
            "type": "amateur",
            "start": 434000000,
            "end": 434100000
        },
        {
            "name": "LPD / 70cm",
            "type": "amateur",
            "start": 434100000,
            "end": 434600000
        },
        {
            "name": "LPD / 70cm FM Repeaters out",
            "type": "amateur",
            "start": 434600000,
            "end": 434775000
        },
        {
            "name": "70cm FM Repeaters out",
            "type": "amateur",
            "start": 434775000,
            "end": 435000000
        },
        {
            "name": "70cm SAT",
            "type": "amateur",
            "start": 435000000,
            "end": 440000000
        },
        {
            "name": "PMR",
            "type": "amateur",
            "start": 446000000,
            "end": 446200000
        },
        {
            "name": "LTE-FDD-450 Uplink",
            "type": "broadcast",
            "start": 451000000,
            "end": 456000000
        },
        {
            "name": "LTE-FDD-450 Downlink",
            "type": "broadcast",
            "start": 461000000,
            "end": 466000000
        },
        {
            "name": "UHF TV",
            "type": "broadcast",
            "start": 470000000,
            "end": 790000000
        },
        {
            "name": "LTE-800-FDD Downlink",
            "type": "broadcast",
            "start": 791000000,
            "end": 821000000
        },
        {
            "name": "LTE-800-FDD Uplink",
            "type": "broadcast",
            "start": 832000000,
            "end": 862000000
        },
        {
            "name": "GSM-900 Uplink",
            "type": "broadcast",
            "start": 880000000,
            "end": 915000000
        },
        {
            "name": "GSM-900 Downlink",
            "type": "broadcast",
            "start": 925000000,
            "end": 960000000
        },
        {
            "name": "L-Band",
            "type": "broadcast",
            "start": 1000000000,
            "end": 1089998000
        },
        {
            "name": "ADS-B / L-Band",
            "type": "broadcast",
            "start": 1089998000,
            "end": 1090002000
        },
        {
            "name": "L-Band",
            "type": "broadcast",
            "start": 1090002000,
            "end": 1260000000
        },
        {
            "name": "23cm SAT / L-Band",
            "type": "amateur",
            "start": 1260000000,
            "end": 1270000000
        },
        {
            "name": "23cm / L-Band",
            "type": "amateur",
            "start": 1270000000,
            "end": 1290994000
        },
        {
            "name": "23cm FM Repeater IN / L-Band",
            "type": "amateur",
            "start": 1290994000,
            "end": 1291481000
        },
        {
            "name": "23cm / L-Band",
            "type": "amateur",
            "start": 1291481000,
            "end": 1296000000
        },
        {
            "name": "23cm CW+Digi / L-Band",
            "type": "amateur",
            "start": 1296025000,
            "end": 1296150000
        },
        {
            "name": "23cm / L-Band",
            "type": "amateur",
            "start": 1296150000,
            "end": 1296800000
        },
        {
            "name": "23cm Beacons (CW+Digi) / L-Band",
            "type": "amateur",
            "start": 1296800000,
            "end": 1296994000
        },
        {
            "name": "23cm FM Repeater OUT / L-Band",
            "type": "amateur",
            "start": 1296994000,
            "end": 1297490000
        },
        {
            "name": "23cm FM / L-Band",
            "type": "amateur",
            "start": 1297490000,
            "end": 1298000000
        },
        {
            "name": "23cm / L-Band",
            "type": "amateur",
            "start": 1298000000,
            "end": 1300000000
        },
        {
            "name": "L-Band",
            "type": "broadcast",
            "start": 1300000000,
            "end": 1710000000
        },
        {
            "name": "DCS-1800 Uplink / L-Band",
            "type": "broadcast",
            "start": 1710000000,
            "end": 1785000000
        },
        {
            "name": "L-Band",
            "type": "broadcast",
            "start": 1785000000,
            "end": 1805000000
        },
        {
            "name": "DCS-1800 Downlink / L-Band",
            "type": "broadcast",
            "start": 1805000000,
            "end": 1880000000
        },
        {
            "name": "DECT Phones / L-Band",
            "type": "broadcast",
            "start": 1880000000,
            "end": 1900000000
        },
        {
            "name": "L-Band",
            "type": "broadcast",
            "start": 1900000000,
            "end": 1920000000
        },
        {
            "name": "UMTS-FDD Uplink / L-Band",
            "type": "broadcast",
            "start": 1920000000,
            "end": 1980000000
        },
        {
            "name": "L-Band",
            "type": "broadcast",
            "start": 1980000000,
            "end": 2000000000
        },
        {
            "name": "S-Band",
            "type": "broadcast",
            "start": 2000000000,
            "end": 2010000000
        },
        {
            "name": "UMTS-TDD / S-Band",
            "type": "broadcast",
            "start": 2010000000,
            "end": 2025000000
        },
        {
            "name": "S-Band",
            "type": "broadcast",
            "start": 2025000000,
            "end": 2110000000
        },
        {
            "name": "UMTS-FDD Downlink / S-Band",
            "type": "broadcast",
            "start": 2110000000,
            "end": 2170000000
        },
        {
            "name": "S-Band",
            "type": "broadcast",
            "start": 2170000000,
            "end": 2320000000
        },
        {
            "name": "13cm EME / S-Band",
            "type": "amateur",
            "start": 2320000000,
            "end": 2320150000
        },
        {
            "name": "S-Band",
            "type": "broadcast",
            "start": 2320150000,
            "end": 2400000000
        },
        {
            "name": "13cm SAT / 2.4GHz WiFi / S-Band",
            "type": "amateur",
            "start": 2400000000,
            "end": 2450000000
        },
        {
            "name": "2.4GHz WiFi / S-Band",
            "type": "broadcast",
            "start": 2450000000,
            "end": 2483500000
        },
        {
            "name": "S-Band",
            "type": "broadcast",
            "start": 2483500000,
            "end": 2500000000
        },
        {
            "name": "LTE-FDD Uplink / S-Band",
            "type": "broadcast",
            "start": 2500000000,
            "end": 2570000000
        },
        {
            "name": "LTE-TDD / S-Band",
            "type": "broadcast",
            "start": 2570000000,
            "end": 2620000000
        },
        {
            "name": "LTE-FDD Downlink / S-Band",
            "type": "broadcast",
            "start": 2620000000,
            "end": 2690000000
        },
        {
            "name": "S-Band",
            "type": "broadcast",
            "start": 2690000000,
            "end": 4000000000
        },
        {
            "name": "C-Band",
            "type": "broadcast",
            "start": 4000000000,
            "end": 5150000000
        },
        {
            "name": "5GHz WiFi / C-Band",
            "type": "broadcast",
            "start": 5150000000,
            "end": 5350000000
        },
        {
            "name": "C-Band",
            "type": "broadcast",
            "start": 5350000000,
            "end": 5650000000
        },
        {
            "name": "6cm CW+Digi / 5GHz WiFi / C-Band",
            "type": "amateur",
            "start": 5650000000,
            "end": 5670000000
        },
        {
            "name": "5GHz WiFi / C-Band",
            "type": "broadcast",
            "start": 5670000000,
            "end": 5725000000
        },
        {
            "name": "6cm Digi / 5GHz WiFi / C-Band",
            "type": "amateur",
            "start": 5725000000,
            "end": 5760000000
        },
        {
            "name": "C-Band / 5GHz WiFi",
            "type": "broadcast",
            "start": 5760000000,
            "end": 5762000000
        },
        {
            "name": "6cm Digi / 5GHz WiFi / C-Band",
            "type": "amateur",
            "start": 5762000000,
            "end": 5790000000
        },
        {
            "name": "6cm CW+Digi / 5GHz WiFi / C-Band",
            "type": "amateur",
            "start": 5790000000,
            "end": 5850000000
        },
        {
            "name": "C-Band",
            "type": "broadcast",
            "start": 5850000000,
            "end": 5650000000
        },
        {
            "name": "C-Band",
            "type": "broadcast",
            "start": 5850000000,
            "end": 8000000000
        },
        {
            "name": "X-Band",
            "type": "broadcast",
            "start": 8000000000,
            "end": 10000000000
        },
        {
            "name": "3cm CW+Digi / X-Band",
            "type": "amateur",
            "start": 10000000000,
            "end": 10150000000
        },
        {
            "name": "3cm / X-Band",
            "type": "amateur",
            "start": 10150000000,
            "end": 10250000000
        },
        {
            "name": "3cm CW+Digi / X-Band",
            "type": "amateur",
            "start": 10250000000,
            "end": 10350000000
        },
        {
            "name": "3cm / X-Band",
            "type": "amateur",
            "start": 10350000000,
            "end": 10368000000
        },
        {
            "name": "3cm CW+Digi / X-Band",
            "type": "amateur",
            "start": 10368000000,
            "end": 10370000000
        },
        {
            "name": "3cm / X-Band",
            "type": "amateur",
            "start": 10370000000,
            "end": 10450000000
        },
        {
            "name": "3cm SAT / X-Band",
            "type": "amateur",
            "start": 10450000000,
            "end": 10500000000
        },
        {
            "name": "X-Band",
            "type": "broadcast",
            "start": 10500000000,
            "end": 12000000000
        },
        {
            "name": "1.2cm SAT",
            "type": "amateur",
            "start": 24000000000,
            "end": 24048000000
        },
        {
            "name": "1.2cm Digi",
            "type": "amateur",
            "start": 24048000000,
            "end": 24050000000
        },
        {
            "name": "1.2cm",
            "type": "amateur",
            "start": 24050000000,
            "end": 24250000000
        },
        {
            "name": "6mm",
            "type": "amateur",
            "start": 47002000000,
            "end": 47200000000
        },
        {
            "name": "4mm",
            "type": "amateur",
            "start": 76000000000,
            "end": 78000000000
        },
        {
            "name": "2.5mm",
            "type": "amateur",
            "start": 122251000000,
            "end": 123000000000
        },
        {
            "name": "2mm",
            "type": "amateur",
            "start": 134001000000,
            "end": 141000000000
        },
        {
            "name": "1mm",
            "type": "amateur",
            "start": 241000000000,
            "end": 250000000000
        }
    ]
}
