{
    "name": "Deep Blue",
    "author": "PD0SWL",
    "Border": "#6D6D7F7F",
    "BorderShadow": "#00000000",
    "Button": "#70707066",
    "ButtonActive": "#40020066",
    "ButtonHovered": "#70707072",
    "CheckMark": "#3D84E0FF",
    "ChildBg": "#FFFFFF00",
    "DragDropTarget": "#FFFF00E5",
    "FrameBg": "#4A4A4A89",
    "FrameBgActive": "#40020089",
    "FrameBgHovered": "#0F0F1089",
    "Header": "#A0A0B24F",
    "HeaderActive": "#A0A0B24F",
    "HeaderHovered": "#A0A0B266",
    "MenuBarBg": "#232323FF",
    "ModalWindowDimBg": "#00000080",
    "NavHighlight": "#999999FF",
    "NavWindowingDimBg": "#CCCCCC33",
    "NavWindowingHighlight": "#FFFFFFB2",
    "PlotHistogram": "#BA9926FF",
    "PlotHistogramHovered": "#FF9900FF",
    "PlotLines": "#B1D7F2FF",
    "PlotLinesHovered": "#FF6D59FF",
    "PopupBg": "#141414EF",
    "ResizeGrip": "#E8E8E83F",
    "ResizeGripActive": "#757575F2",
    "ResizeGripHovered": "#CECECEAA",
    "ScrollbarBg": "#05050587",
    "ScrollbarGrab": "#4F4F4FFF",
    "ScrollbarGrabActive": "#828282FF",
    "ScrollbarGrabHovered": "#686868FF",
    "Separator": "#6D6D7F7F",
    "SeparatorActive": "#828282FF",
    "SeparatorHovered": "#B7B7B7C6",
    "SliderGrab": "#3D84E0FF",
    "SliderGrabActive": "#9d0c05FF",
    "Tab": "#2D5993DB",
    "TabActive": "#3268ADFF",
    "TabHovered": "#4296F9CC",
    "TabUnfocused": "#111A25F7",
    "TabUnfocusedActive": "#22426CFF",
    "TableBorderLight": "#3A3A3FFF",
    "TableBorderStrong": "#4F4F59FF",
    "TableHeaderBg": "#303033FF",
    "TableRowBg": "#00000000",
    "TableRowBgAlt": "#FFFFFF0F",
    "Text": "#FFFFFFFF",
    "TextDisabled": "#7F7F7FFF",
    "TextSelectedBg": "#DDDDDD59",
    "TitleBg": "#0A0A0AFF",
    "TitleBgActive": "#494949FF",
    "TitleBgCollapsed": "#00000082",
    "WindowBg": "#0F0F0FEF",
    "ClearColor": "#0C182EFF",
    "WaterfallBackground": "#000000FF"
}