{
    "name": "Marine Grey",
    "author": "PD0SWL",
    "Border": "#6D6D7F7F",
    "BorderShadow": "#00000000",
    "Button": "#00000066",
    "ButtonActive": "#00000066",
    "ButtonHovered": "#4A4A4A72",
    "CheckMark": "#3D84E0FF",
    "ChildBg": "#FFFFFF00",
    "DragDropTarget": "#0000FFE5",
    "FrameBg": "#33353889",
    "FrameBgActive": "#70707089",
    "FrameBgHovered": "#70707089",
    "Header": "#5E5E4C4F",
    "HeaderActive": "#5E5E4C4F",
    "HeaderHovered": "#70707089",
    "MenuBarBg": "#232323FF",
    "ModalWindowDimBg": "#33333359",
    "NavHighlight": "#666666FF",
    "NavWindowingDimBg": "#33333333",
    "NavWindowingHighlight": "#000000B2",
    "PlotHistogram": "#BA9926FF",
    "PlotHistogramHovered": "#FF9900FF",
    "PlotLines": "#E5E9EEFF",
    "PlotLinesHovered": "#FF6D59FF",
    "PopupBg": "#EAEAEAEF",
    "ResizeGrip": "#1616163F",
    "ResizeGripActive": "#898989F2",
    "ResizeGripHovered": "#303030AA",
    "ScrollbarBg": "#F9F9F987",
    "ScrollbarGrab": "#AFAFAFFF",
    "ScrollbarGrabActive": "#7C7C7CFF",
    "ScrollbarGrabHovered": "#686868FF",
    "Separator": "#91917F7F",
    "SeparatorActive": "#7C7C7CFF",
    "SeparatorHovered": "#474747C6",
    "SliderGrab": "#3D84E0FF",
    "SliderGrabActive": "#9d0c05FF",
    "Tab": "#D1A56BDB",
    "TabActive": "#CC9651FF",
    "TabHovered": "#BC6805CC",
    "TabUnfocused": "#EDE4D9F7",
    "TabUnfocusedActive": "#DCBC92FF",
    "TableBorderLight": "#C4C4BFFF",
    "TableBorderStrong": "#AFAFA5FF",
    "TableHeaderBg": "#CECECCFF",
    "TableRowBg": "#00000000",
    "TableRowBgAlt": "#0000000F",
    "Text": "#000000FF",
    "TextDisabled": "#7F7F7FFF",
    "TextSelectedBg": "#21212159",
    "TitleBg": "#F4F4F4FF",
    "TitleBgActive": "#B5B5B5FF",
    "TitleBgCollapsed": "#00000082",
    "WindowBg": "#B6B6B6EF",
    "ClearColor": "#9AA6BAFF",
    "WaterfallBackground": "#4A5973FF"
}