{
    "name": "Light",
    "author": "Ryzerth",
    "Border": "#91917F7F",
    "BorderShadow": "#FFFFFF00",
    "Button": "#8E8E8E66",
    "ButtonActive": "#8E8E8E66",
    "ButtonHovered": "#8E8E8E72",
    "CheckMark": "#3D84E0FF",
    "ChildBg": "#00000000",
    "DragDropTarget": "#0000FFE5",
    "FFTHoldColor": "#C08000FF",
    "FrameBg": "#ACA7A389",
    "FrameBgActive": "#ACA7A389",
    "FrameBgHovered": "#ACA7A389",
    "Header": "#5E5E4C4F",
    "HeaderActive": "#5E5E4C4F",
    "HeaderHovered": "#5E5E4C66",
    "MenuBarBg": "#DBDBDBFF",
    "ModalWindowDimBg": "#33333359",
    "NavHighlight": "#666666FF",
    "NavWindowingDimBg": "#33333333",
    "NavWindowingHighlight": "#000000B2",
    "PlotHistogram": "#4466D8FF",
    "PlotHistogramHovered": "#0066FFFF",
    "PlotLines": "#0022FFFF",
    "PlotLinesHovered": "#0091A5FF",
    "PopupBg": "#EAEAEAEF",
    "ResizeGrip": "#1616163F",
    "ResizeGripActive": "#898989F2",
    "ResizeGripHovered": "#303030AA",
    "ScrollbarBg": "#F9F9F987",
    "ScrollbarGrab": "#AFAFAFFF",
    "ScrollbarGrabActive": "#7C7C7CFF",
    "ScrollbarGrabHovered": "#969696FF",
    "Separator": "#91917F7F",
    "SeparatorActive": "#7C7C7CFF",
    "SeparatorHovered": "#474747C6",
    "SliderGrab": "#3D84E0FF",
    "SliderGrabActive": "#4296F9FF",
    "Tab": "#D1A56BDB",
    "TabActive": "#CC9651FF",
    "TabHovered": "#BC6805CC",
    "TabUnfocused": "#EDE4D9F7",
    "TabUnfocusedActive": "#DCBC92FF",
    "TableBorderLight": "#C4C4BFFF",
    "TableBorderStrong": "#AFAFA5FF",
    "TableHeaderBg": "#CECECCFF",
    "TableRowBg": "#FFFFFF00",
    "TableRowBgAlt": "#0000000F",
    "Text": "#000000FF",
    "TextDisabled": "#7F7F7FFF",
    "TextSelectedBg": "#21212159",
    "TitleBg": "#F4F4F4FF",
    "TitleBgActive": "#B5B5B5FF",
    "TitleBgCollapsed": "#FFFFFF82",
    "WindowBg": "#EFEFEFEF",
    "ClearColor": "#E6E6E6FF",
    "WaterfallBackground": "#FFFFFFFF"
}